<metadata xml:lang="en"><Esri><CreaDate>20170331</CreaDate><CreaTime>08272300</CreaTime><ArcGISFormat>1.0</ArcGISFormat><ArcGISstyle>FGDC CSDGM Metadata</ArcGISstyle><SyncOnce>TRUE</SyncOnce><ModDate>20170331</ModDate><ModTime>9202000</ModTime><scaleRange><minScale>150000000</minScale><maxScale>5000</maxScale></scaleRange><ArcGISProfile>FGDC</ArcGISProfile></Esri><tool name="ZonalStats" displayname="Zonal Statistics Tool" toolboxalias="" xmlns=""><arcToolboxHelpPath>c:\arcgis\desktop10.4\Help\gp</arcToolboxHelpPath><parameters><param name="in_workspace" displayname="Output Location" type="Required" direction="Input" datatype="Workspace" expression="in_workspace"><dialogReference>&lt;DIV STYLE="text-align:Left;"&gt;&lt;DIV&gt;&lt;P&gt;&lt;SPAN&gt;Location where data outputs are to be saved.&lt;/SPAN&gt;&lt;/P&gt;&lt;/DIV&gt;&lt;/DIV&gt;</dialogReference></param><param name="in_name" displayname="Name" type="Required" direction="Input" datatype="String" expression="in_name"><dialogReference>&lt;DIV STYLE="text-align:Left;"&gt;&lt;DIV&gt;&lt;P&gt;&lt;SPAN&gt;Unique name used to create project directory and name outputs.&lt;/SPAN&gt;&lt;/P&gt;&lt;/DIV&gt;&lt;/DIV&gt;</dialogReference></param><param name="in_slopedir" displayname="Raster Directory" type="Required" direction="Input" datatype="Workspace" expression="in_slopedir"><dialogReference>&lt;DIV STYLE="text-align:Left;"&gt;&lt;DIV&gt;&lt;P&gt;&lt;SPAN&gt;Directory containing rasters to be mosaicked. All rasters in this workspace will be added to the virtual mosaic.&lt;/SPAN&gt;&lt;/P&gt;&lt;/DIV&gt;&lt;/DIV&gt;</dialogReference></param><param name="in_ellipse" displayname="Masking Feature Class" type="Optional" direction="Input" datatype="Feature Layer" expression="{in_ellipse}"><dialogReference>&lt;DIV STYLE="text-align:Left;"&gt;&lt;DIV&gt;&lt;P&gt;&lt;SPAN&gt;Masking feature input. As separate directory and set of analysis outputs will be geneated for each record in the feature class.&lt;/SPAN&gt;&lt;/P&gt;&lt;/DIV&gt;&lt;/DIV&gt;</dialogReference></param><param name="in_ellipseField" displayname="Mask Field" type="Optional" direction="Input" datatype="Field" expression="{in_ellipseField}"><dialogReference>&lt;DIV STYLE="text-align:Left;"&gt;&lt;DIV&gt;&lt;P&gt;&lt;SPAN&gt;Field used to identify each masking feature.&lt;/SPAN&gt;&lt;/P&gt;&lt;/DIV&gt;&lt;/DIV&gt;</dialogReference></param><param name="in_features" displayname="Geologic / Landcover Map" type="Required" direction="Input" datatype="Feature Layer" expression="in_features"><dialogReference>&lt;DIV STYLE="text-align:Left;"&gt;&lt;DIV&gt;&lt;P&gt;&lt;SPAN&gt;Dataset that defines the zones. Zonal statistics summarize the values of a raster within the zones of another dataset and reports the results to a table.&lt;/SPAN&gt;&lt;/P&gt;&lt;/DIV&gt;&lt;/DIV&gt;</dialogReference></param><param name="in_statsField" displayname="Zonal Statistics" type="Required" direction="Input" datatype="Value Table" expression="Field {Statistic Type};Field {Statistic Type}..."><dialogReference>&lt;DIV STYLE="text-align:Left;"&gt;&lt;DIV&gt;&lt;P&gt;&lt;SPAN&gt;Field that holds the values that define each zone. Multiple statistics may be selected, but they only ONE field may be used; using more than one field will result in an error.&lt;/SPAN&gt;&lt;/P&gt;&lt;/DIV&gt;&lt;/DIV&gt;</dialogReference></param></parameters><summary>&lt;DIV STYLE="text-align:Left;"&gt;&lt;P&gt;&lt;SPAN&gt;This tool performs selected zonal statistics for the input feature class, clipped to an area of interest (optional). Zonal statistics require clean inputs so if the user experiences problems it is recommended to use the data preparation tools.&lt;/SPAN&gt;&lt;/P&gt;&lt;/DIV&gt;</summary></tool><dataIdInfo><idCitation><resTitle>Zonal Statistics Tool</resTitle></idCitation><idAbs>&lt;DIV STYLE="text-align:Left;"&gt;&lt;P&gt;&lt;SPAN&gt;This tool performs selected zonal statistics for the input feature class, clipped to an area of interest (optional). Zonal statistics require clean inputs so if the user experiences problems it is recommended to use the data preparation tools.&lt;/SPAN&gt;&lt;/P&gt;&lt;/DIV&gt;</idAbs></dataIdInfo><distInfo><distributor><distorFormat><formatName>ArcToolbox Tool</formatName></distorFormat></distributor></distInfo><mdHrLv><ScopeCd value="005"></ScopeCd></mdHrLv></metadata>
