<metadata xml:lang="en"><Esri><CreaDate>20170331</CreaDate><CreaTime>08272300</CreaTime><ArcGISFormat>1.0</ArcGISFormat><ArcGISstyle>FGDC CSDGM Metadata</ArcGISstyle><SyncOnce>TRUE</SyncOnce><ModDate>20170331</ModDate><ModTime>9040300</ModTime><scaleRange><minScale>150000000</minScale><maxScale>5000</maxScale></scaleRange><ArcGISProfile>FGDC</ArcGISProfile></Esri><tool name="HistogramPlot" displayname="Create Histogram Plot" toolboxalias="" xmlns=""><arcToolboxHelpPath>c:\arcgis\desktop10.4\Help\gp</arcToolboxHelpPath><parameters><param name="in_file" displayname="Input Histogram Table" type="Required" direction="Input" datatype="Table" expression="in_file"><dialogReference>&lt;DIV STYLE="text-align:Left;"&gt;&lt;DIV&gt;&lt;P&gt;&lt;SPAN&gt;Histogram table output from the Zonal Statistics Tool.&lt;/SPAN&gt;&lt;/P&gt;&lt;/DIV&gt;&lt;/DIV&gt;</dialogReference></param><param name="in_title" displayname="Title" type="Required" direction="Input" datatype="String" expression="in_title"><dialogReference>&lt;DIV STYLE="text-align:Left;"&gt;&lt;DIV&gt;&lt;P&gt;&lt;SPAN&gt;Unique name for output plot.&lt;/SPAN&gt;&lt;/P&gt;&lt;/DIV&gt;&lt;/DIV&gt;</dialogReference></param><param name="x_label" displayname="X Axis Label" type="Required" direction="Input" datatype="String" expression="x_label"><dialogReference>&lt;DIV STYLE="text-align:Left;"&gt;&lt;DIV&gt;&lt;P&gt;&lt;SPAN&gt;Label for X axis of plot(s).&lt;/SPAN&gt;&lt;/P&gt;&lt;/DIV&gt;&lt;/DIV&gt;</dialogReference></param><param name="in_plotType" displayname="Plot Type" type="Required" direction="Input" datatype="Multiple Value" expression="Cumulative Distribution | Merged Histogram | Separate Histograms"><dialogReference>&lt;DIV STYLE="text-align:Left;"&gt;&lt;DIV&gt;&lt;P&gt;&lt;SPAN&gt;Select all types of plots to be created.&lt;/SPAN&gt;&lt;/P&gt;&lt;/DIV&gt;&lt;/DIV&gt;</dialogReference></param></parameters><summary>&lt;DIV STYLE="text-align:Left;"&gt;&lt;DIV&gt;&lt;P&gt;&lt;SPAN&gt;This tool uses the output zonal histogram table of the Masked Zonal Statistics Tool to generate a line plot graph.&lt;/SPAN&gt;&lt;/P&gt;&lt;/DIV&gt;&lt;/DIV&gt;</summary></tool><dataIdInfo><idCitation><resTitle>Create Histogram Plot</resTitle></idCitation><idAbs>&lt;DIV STYLE="text-align:Left;"&gt;&lt;DIV&gt;&lt;P&gt;&lt;SPAN&gt;This tool uses the output zonal histogram table of the Masked Zonal Statistics Tool to generate a line plot graph.&lt;/SPAN&gt;&lt;/P&gt;&lt;/DIV&gt;&lt;/DIV&gt;</idAbs></dataIdInfo><distInfo><distributor><distorFormat><formatName>ArcToolbox Tool</formatName></distorFormat></distributor></distInfo><mdHrLv><ScopeCd value="005"></ScopeCd></mdHrLv></metadata>
