<?xml version="1.0"?>
<metadata xml:lang="en"><Esri><CreaDate>20170331</CreaDate><CreaTime>08265000</CreaTime><ArcGISFormat>1.0</ArcGISFormat><ArcGISstyle>FGDC CSDGM Metadata</ArcGISstyle><SyncOnce>TRUE</SyncOnce><ModDate>20170901</ModDate><ModTime>150329</ModTime><scaleRange><minScale>150000000</minScale><maxScale>5000</maxScale></scaleRange><ArcGISProfile>FGDC</ArcGISProfile></Esri><toolbox name="ZonalStatsPyToolbox170331" alias=""><arcToolboxHelpPath>c:\arcgis\desktop10.4\Help\gp</arcToolboxHelpPath><toolsets/></toolbox><dataIdInfo><idCitation><resTitle>ZonalStatsPyToolbox170331</resTitle></idCitation><idPurp>This toolbox was developed to automate landing site analysis workflows, but may be used for any raster dataset that requires zonal statistics over mulitple areas.</idPurp></dataIdInfo><distInfo><distributor><distorFormat><formatName>ArcToolbox Toolbox</formatName></distorFormat></distributor></distInfo><mdHrLv><ScopeCd value="005"></ScopeCd></mdHrLv></metadata>
