<metadata xml:lang="en"><Esri><CreaDate>20170412</CreaDate><CreaTime>15375200</CreaTime><ArcGISFormat>1.0</ArcGISFormat><ArcGISstyle>FGDC CSDGM Metadata</ArcGISstyle><SyncOnce>TRUE</SyncOnce><ModDate>20170531</ModDate><ModTime>13481000</ModTime><scaleRange><minScale>150000000</minScale><maxScale>5000</maxScale></scaleRange><ArcGISProfile>FGDC</ArcGISProfile></Esri><tool name="SlopeAspectTest" displayname="Slope &amp; Aspect Test" toolboxalias="" xmlns=""><arcToolboxHelpPath>c:\arcgis\desktop10.4\Help\gp</arcToolboxHelpPath><parameters><param name="in_pointfc" displayname="Input Point Feature Class" type="Required" direction="Input" datatype="Feature Layer" expression="in_pointfc"><dialogReference>&lt;DIV STYLE="text-align:Left;"&gt;&lt;DIV&gt;&lt;P&gt;&lt;SPAN&gt;Input point feature class.&lt;/SPAN&gt;&lt;/P&gt;&lt;/DIV&gt;&lt;/DIV&gt;</dialogReference></param><param name="in_field" displayname="Field Name" type="Required" direction="Input" datatype="Field" expression="in_field"><dialogReference>&lt;DIV STYLE="text-align:Left;"&gt;&lt;DIV&gt;&lt;P&gt;&lt;SPAN&gt;Select the field containing the strike or dip values to be evaluated.&lt;/SPAN&gt;&lt;/P&gt;&lt;/DIV&gt;&lt;/DIV&gt;</dialogReference></param><param name="in_dem" displayname="Input DEM" type="Required" direction="Input" datatype="Raster Layer" expression="in_dem"><dialogReference>&lt;DIV STYLE="text-align:Left;"&gt;&lt;DIV&gt;&lt;P&gt;&lt;SPAN&gt;Input digital elevation model or surface raster.&lt;/SPAN&gt;&lt;/P&gt;&lt;/DIV&gt;&lt;/DIV&gt;</dialogReference></param><param name="in_test" displayname="Test Type" type="Required" direction="Input" datatype="String" expression="Slope | Aspect"><dialogReference>&lt;DIV STYLE="text-align:Left;"&gt;&lt;P&gt;&lt;SPAN&gt;Select between Aspect and Slope tests.&lt;/SPAN&gt;&lt;/P&gt;&lt;/DIV&gt;</dialogReference></param><param name="out_fc" displayname="Output Feature Class" type="Required" direction="Output" datatype="Feature Class" expression="out_fc"><dialogReference>&lt;DIV STYLE="text-align:Left;"&gt;&lt;DIV&gt;&lt;P&gt;&lt;SPAN&gt;Output point feature class.&lt;/SPAN&gt;&lt;/P&gt;&lt;/DIV&gt;&lt;/DIV&gt;</dialogReference></param></parameters><summary>&lt;DIV STYLE="text-align:Left;"&gt;&lt;DIV&gt;&lt;P&gt;&lt;SPAN&gt;This tool uses the point results of a strike and dip analysis to extract the values of a derived slope or aspect raster from an input Digital Elevation Model (DEM). These values are then evaluated against the user-specified tolerance (in degrees) to identify po-tentially errant results.&lt;/SPAN&gt;&lt;/P&gt;&lt;/DIV&gt;&lt;/DIV&gt;</summary></tool><dataIdInfo><idCitation><resTitle>Slope / Aspect Test</resTitle></idCitation><idAbs>&lt;DIV STYLE="text-align:Left;"&gt;&lt;DIV&gt;&lt;P&gt;&lt;SPAN&gt;This tool uses the point results of a strike and dip analysis to extract the values of a derived slope or aspect raster from an input Digital Elevation Model (DEM). These values are then evaluated against the user-specified tolerance (in degrees) to identify po-tentially errant results.&lt;/SPAN&gt;&lt;/P&gt;&lt;/DIV&gt;&lt;/DIV&gt;</idAbs></dataIdInfo><distInfo><distributor><distorFormat><formatName>ArcToolbox Tool</formatName></distorFormat></distributor></distInfo><mdHrLv><ScopeCd value="005"></ScopeCd></mdHrLv></metadata>
