<metadata xml:lang="en"><Esri><CreaDate>20170412</CreaDate><CreaTime>15375100</CreaTime><ArcGISFormat>1.0</ArcGISFormat><ArcGISstyle>FGDC CSDGM Metadata</ArcGISstyle><SyncOnce>TRUE</SyncOnce><ModDate>20170531</ModDate><ModTime>13485500</ModTime><scaleRange><minScale>150000000</minScale><maxScale>5000</maxScale></scaleRange><ArcGISProfile>FGDC</ArcGISProfile></Esri><tool name="TopologyCheck" displayname="Topology Check" toolboxalias="" xmlns=""><arcToolboxHelpPath>c:\arcgis\desktop10.4\Help\gp</arcToolboxHelpPath><parameters><param name="in_fc" displayname="Input Feature Class" type="Required" direction="Input" datatype="Feature Layer" expression="in_fc"><dialogReference>&lt;DIV STYLE="text-align:Left;"&gt;&lt;DIV&gt;&lt;P&gt;&lt;SPAN&gt;The polyline or polygon feature class participating in the topology.&lt;/SPAN&gt;&lt;/P&gt;&lt;/DIV&gt;&lt;/DIV&gt;</dialogReference></param><param name="cluster_tolerance" displayname="Cluster Tolerance" type="Optional" direction="Input" datatype="String" expression="{cluster_tolerance}"><dialogReference>&lt;DIV STYLE="text-align:Left;"&gt;&lt;DIV&gt;&lt;P&gt;&lt;SPAN&gt;The cluster tolerance to be set on the topology. The larger the value, the more likely vertices will be to cluster together.&lt;/SPAN&gt;&lt;/P&gt;&lt;/DIV&gt;&lt;/DIV&gt;</dialogReference></param></parameters><summary>&lt;DIV STYLE="text-align:Left;"&gt;&lt;DIV&gt;&lt;P&gt;&lt;SPAN&gt;Build and validate a geodatabase topology for a polygon or polyline feature class.  The input feature class must reside in a Feature Dataset within a Geodatabase to take part in a topology, and can participate in only one topology class at a time.&lt;/SPAN&gt;&lt;/P&gt;&lt;/DIV&gt;&lt;/DIV&gt;</summary></tool><dataIdInfo><idCitation><resTitle>Topology Check</resTitle></idCitation><idAbs>&lt;DIV STYLE="text-align:Left;"&gt;&lt;DIV&gt;&lt;P&gt;&lt;SPAN&gt;Build and validate a geodatabase topology for a polygon or polyline feature class.  The input feature class must reside in a Feature Dataset within a Geodatabase to take part in a topology, and can participate in only one topology class at a time.&lt;/SPAN&gt;&lt;/P&gt;&lt;/DIV&gt;&lt;/DIV&gt;</idAbs></dataIdInfo><distInfo><distributor><distorFormat><formatName>ArcToolbox Tool</formatName></distorFormat></distributor></distInfo><mdHrLv><ScopeCd value="005"></ScopeCd></mdHrLv></metadata>
