<?xml version="1.0"?>
<metadata xml:lang="en"><Esri><CreaDate>20170412</CreaDate><CreaTime>15201700</CreaTime><ArcGISFormat>1.0</ArcGISFormat><ArcGISstyle>FGDC CSDGM Metadata</ArcGISstyle><SyncOnce>TRUE</SyncOnce><ModDate>20180806</ModDate><ModTime>123935</ModTime><scaleRange><minScale>150000000</minScale><maxScale>5000</maxScale></scaleRange><ArcGISProfile>FGDC</ArcGISProfile></Esri><toolbox name="PGM Toolbox" alias=""><arcToolboxHelpPath>c:\arcgis\desktop10.6\Help\gp</arcToolboxHelpPath><toolsets/></toolbox><dataIdInfo><idCitation><resTitle>PGM Toolbox</resTitle></idCitation><idPurp>Python tools include Merge Files, Topology Check, Build Polygons, and Slope/Aspect Test</idPurp><idAbs>&lt;DIV STYLE="text-align:Left;"&gt;&lt;DIV&gt;&lt;DIV&gt;&lt;P&gt;&lt;SPAN&gt;The collective focus of this toolbox is to provide researchers with additional means to migrate legacy data, assess the quality of data and analysis results, and simplify common mapping tasks; it is not meant to solve for problematic data or substitute for fundamental GIS knowledge.&lt;/SPAN&gt;&lt;/P&gt;&lt;/DIV&gt;&lt;/DIV&gt;&lt;/DIV&gt;</idAbs><idCredit>USGS Astrogeology Science Center</idCredit><resConst><Consts><useLimit>&lt;DIV STYLE="text-align:Left;"&gt;&lt;DIV&gt;&lt;P&gt;&lt;SPAN&gt;Public domain&lt;/SPAN&gt;&lt;/P&gt;&lt;/DIV&gt;&lt;/DIV&gt;</useLimit></Consts></resConst></dataIdInfo><distInfo><distributor><distorFormat><formatName>ArcToolbox Toolbox</formatName></distorFormat></distributor></distInfo><mdHrLv><ScopeCd value="005"></ScopeCd></mdHrLv></metadata>
